Unnamed: 0,Age,Sex,Job,Housing,Saving accounts,Checking account,Credit amount,Duration,Purpose,Risk
8970884,34,male,3,own,moderate,,1497,72,radio/TV,good
3143223,42,female,3,rent,rich,little,11428,42,furniture/equipment,good
10810119,29,male,2,own,quite rich,moderate,3568,15,business,good
7748627,25,male,2,own,quite rich,little,2682,16,car,good
915797,19,female,2,rent,,,2334,13,radio/TV,good
4610624,36,female,2,own,moderate,little,9981,6,radio/TV,good
10936459,29,male,2,own,little,little,2650,28,car,good
11441858,19,male,2,own,little,,13856,52,radio/TV,good
3187447,22,male,3,free,,little,2365,23,furniture/equipment,bad
14846246,22,male,2,own,little,,3159,24,furniture/equipment,good
683403,19,male,2,rent,little,,9143,46,radio/TV,good
13931502,19,male,2,own,little,moderate,4320,21,radio/TV,good
550367,20,male,2,own,little,little,2953,25,radio/TV,good
10454593,21,male,2,free,little,,18424,72,furniture/equipment,bad
3644681,25,male,2,own,little,moderate,5650,36,radio/TV,bad
5608464,23,female,2,own,little,moderate,2727,20,domestic appliances,bad
15769834,19,male,1,rent,little,little,275,22,radio/TV,bad
12222591,19,female,1,rent,little,little,2168,22,furniture/equipment,good
13282325,19,male,2,own,,,9546,27,radio/TV,good
4952719,20,male,3,rent,little,little,15534,64,car,good
3789661,19,female,1,rent,little,moderate,6287,25,car,good
16587930,19,male,2,own,,moderate,17744,44,car,good
8955695,56,female,2,own,little,little,11676,17,repairs,good
10794163,19,male,2,rent,little,,2036,41,car,bad
4900880,19,male,2,own,,little,18424,47,car,good
13928266,19,male,2,rent,rich,little,5356,6,car,good
11931517,19,female,2,own,moderate,,4405,17,vacation/others,bad
16807,19,female,2,own,little,,10985,23,radio/TV,bad
3367811,22,male,2,free,little,moderate,4209,19,business,good
14005712,75,male,1,own,little,moderate,18424,62,car,good
8456694,20,male,3,own,little,,2217,5,radio/TV,bad
4700681,25,male,2,rent,little,rich,10810,23,car,bad
16486495,20,female,1,free,quite rich,moderate,3141,11,furniture/equipment,good
248198,25,female,3,rent,little,rich,1669,71,car,good
3027016,35,female,3,own,little,rich,5263,19,car,good
7630597,20,male,2,free,little,moderate,546,10,radio/TV,good
11225585,20,female,0,own,,little,11113,13,radio/TV,good
1713737,27,male,2,own,little,moderate,11472,46,car,good
10009482,19,male,2,own,,moderate,3478,39,vacation/others,good
14014870,22,male,2,rent,little,moderate,10338,39,furniture/equipment,good
15907459,19,male,3,free,little,rich,8733,24,repairs,good
8109211,27,female,0,free,little,,14604,39,furniture/equipment,bad
11606049,19,male,1,rent,little,little,4228,19,vacation/others,good
9418159,26,male,1,own,moderate,little,2427,12,education,good
13602866,31,male,2,free,little,little,2726,48,domestic appliances,good
520156,19,male,1,own,,,2233,18,car,good
7225740,22,female,2,rent,quite rich,,6564,21,furniture/equipment,good
8491953,33,female,3,free,quite rich,little,4938,43,car,good
13545549,26,female,2,rent,little,moderate,2473,18,domestic appliances,bad
11940133,19,male,2,own,moderate,,5110,26,radio/TV,bad
13798269,22,female,3,rent,little,moderate,2776,5,car,good
4608135,30,male,2,own,little,moderate,1757,42,business,good
5214804,30,male,2,own,little,,2252,24,radio/TV,good
9812295,19,female,3,own,quite rich,little,5959,21,domestic appliances,good
11408466,24,male,2,own,little,,2396,19,furniture/equipment,good
16397071,19,female,2,own,little,little,7172,18,car,bad
262138,19,female,2,free,,,250,21,education,bad
10921559,31,male,2,own,little,,738,19,car,good
11636092,23,female,2,own,,moderate,5814,20,furniture/equipment,good
9882768,19,female,3,own,,little,4759,13,radio/TV,good
3765399,27,female,2,own,,rich,666,24,business,bad
2674312,31,male,1,own,moderate,,10203,22,furniture/equipment,good
9863602,35,male,2,own,rich,little,11982,33,furniture/equipment,good
16604455,20,male,2,free,little,little,4847,16,furniture/equipment,good
11566541,29,male,2,free,little,moderate,1748,17,car,good
13774302,22,female,2,own,little,moderate,4595,7,radio/TV,good
15973855,19,male,2,own,rich,,1922,26,business,bad
11658484,19,male,2,own,little,little,2695,18,furniture/equipment,good
5415822,19,male,0,rent,moderate,moderate,1128,32,education,good
7355284,19,male,3,own,moderate,,7591,43,radio/TV,good
7915619,21,male,1,own,little,little,2590,42,radio/TV,bad
8389146,25,female,2,own,quite rich,,5841,21,furniture/equipment,bad
316193,20,female,3,own,little,moderate,1572,15,business,good
8919716,20,female,2,own,little,,2397,27,car,good
6172598,39,male,3,rent,little,rich,2497,20,car,bad
1267261,27,female,2,own,little,rich,2628,48,radio/TV,good
3098654,23,male,1,rent,,little,5794,16,furniture/equipment,good
13950331,21,male,2,own,little,,9514,28,furniture/equipment,bad
9425228,19,male,2,free,little,,876,16,car,good
9328830,22,female,2,rent,,,1604,17,business,bad
14983110,25,male,2,rent,little,moderate,10135,44,furniture/equipment,good
10630630,19,male,2,own,moderate,,2689,21,furniture/equipment,bad
11084925,19,male,3,rent,little,little,4114,17,car,bad
5219953,24,male,2,rent,rich,moderate,2476,14,car,bad
5765723,20,male,2,rent,quite rich,,4394,35,furniture/equipment,good
10594699,22,male,2,own,little,,4898,22,education,good
1771295,19,male,1,free,,moderate,2856,8,furniture/equipment,bad
7430647,21,female,2,own,little,,8201,25,car,bad
541103,31,male,0,free,quite rich,little,5934,25,radio/TV,good
16073657,23,male,1,rent,,,5386,18,repairs,bad
5426672,19,male,2,own,little,moderate,2640,13,car,bad
11334372,34,male,2,own,little,,3100,5,car,bad
7936692,19,male,2,rent,quite rich,little,2439,27,business,good
9068250,22,male,2,free,little,little,4793,22,car,good
13347001,30,female,1,own,little,little,2458,19,furniture/equipment,good
13182087,21,male,0,free,little,moderate,1471,13,car,good
14366600,24,male,2,own,little,rich,3335,23,repairs,good
9705800,19,male,2,own,little,moderate,362,11,car,good
1576254,19,male,3,rent,little,,7904,13,vacation/others,good
8840577,27,male,1,own,little,rich,4839,22,radio/TV,bad
3998672,56,male,2,own,little,little,5659,12,furniture/equipment,bad
5983886,19,female,2,own,little,,3527,18,business,good
13348628,19,male,1,own,,,2849,23,car,good
13392810,19,female,2,rent,,,4562,10,radio/TV,bad
9395359,28,male,2,own,,moderate,2348,21,repairs,bad
15727257,19,female,2,own,moderate,little,250,20,car,good
8062076,37,male,1,free,,moderate,9222,34,furniture/equipment,good
14017527,22,female,2,rent,little,moderate,2465,61,furniture/equipment,bad
9000013,39,female,2,own,little,little,1262,48,business,good
11420656,20,male,2,own,,little,8622,49,car,good
2239337,22,male,1,free,little,moderate,3588,9,furniture/equipment,good
15766082,21,male,2,own,moderate,little,250,16,business,good
1617584,19,male,2,own,,,3535,19,business,good
4639286,21,male,2,rent,moderate,,2689,18,education,good
7308074,26,male,2,own,,moderate,18424,21,furniture/equipment,good
5401386,21,male,2,own,moderate,,4996,16,radio/TV,bad
4400442,26,female,0,own,little,moderate,18424,63,radio/TV,good
6293077,32,male,3,own,moderate,little,2853,50,vacation/others,bad
7210644,36,male,2,own,moderate,moderate,18424,14,car,bad
3651911,45,male,2,own,quite rich,moderate,18424,27,furniture/equipment,good
8063631,21,female,2,own,,,10624,12,furniture/equipment,good
14602892,21,male,2,rent,little,moderate,2935,23,business,good
9973246,22,male,2,free,little,little,5475,21,furniture/equipment,good
15397518,30,male,2,own,little,little,15027,51,radio/TV,bad
7613538,19,male,1,own,rich,rich,2937,24,repairs,good
10462174,22,female,2,own,little,moderate,5432,40,car,good
3629990,19,female,2,own,moderate,moderate,1167,19,radio/TV,good
4649213,37,male,2,free,,moderate,5066,23,car,good
10099302,21,male,2,own,little,little,2620,37,business,bad
11489935,24,male,1,rent,little,little,2639,45,car,good
3987197,23,female,3,rent,little,little,2905,10,radio/TV,good
11636962,28,male,2,free,little,moderate,12655,14,education,good
16738532,19,male,3,rent,little,little,1873,28,car,good
8848535,23,male,2,free,,,3104,17,business,bad
8433413,22,male,2,rent,,,11235,19,business,good
5705083,19,male,1,own,rich,moderate,1786,12,furniture/equipment,good
16564354,35,male,1,own,moderate,little,3382,8,furniture/equipment,good
14333997,22,female,2,free,little,,17614,59,business,good
11940360,19,male,3,rent,little,moderate,8851,19,car,good
7585467,19,male,3,rent,quite rich,little,18424,20,car,good
7617912,21,female,2,own,little,,451,32,car,good
3885728,20,male,1,rent,moderate,,1442,18,radio/TV,bad
314767,28,male,2,rent,little,moderate,5861,41,furniture/equipment,bad
9609445,29,male,2,own,,moderate,11358,37,car,good
8811297,25,female,2,own,little,little,6366,19,furniture/equipment,bad
10160387,19,male,3,rent,moderate,moderate,1378,65,repairs,good
9472533,26,male,2,own,,little,2605,66,car,bad
14513796,19,male,3,free,,,13015,11,car,good
3083699,22,male,2,own,rich,,5570,23,car,good
15799387,23,male,2,rent,little,little,6508,13,car,good
14716281,24,male,1,rent,moderate,moderate,11016,27,car,good
1600465,29,male,2,own,,,2756,9,radio/TV,good
15076903,23,female,2,own,little,little,2098,23,radio/TV,good
16716326,19,male,2,rent,,moderate,12081,17,furniture/equipment,good
897160,42,male,1,own,quite rich,little,761,26,furniture/equipment,bad
15767480,19,female,2,own,little,moderate,3219,18,furniture/equipment,good
4339554,19,male,2,own,rich,moderate,2796,18,business,good
7974462,32,female,3,own,,,2744,17,furniture/equipment,good
5323999,20,male,2,own,,moderate,5464,48,radio/TV,good
7621284,32,male,2,own,little,moderate,6234,16,car,good
935793,19,female,0,own,quite rich,moderate,7694,44,furniture/equipment,bad
13909407,33,female,2,own,little,,1361,17,car,good
2308140,29,male,2,own,little,little,11250,19,car,bad
13487455,43,male,2,rent,,,4464,18,car,good
8652428,27,female,2,own,little,little,9579,25,car,bad
473834,37,male,2,own,little,moderate,3764,23,radio/TV,good
3584827,33,male,1,own,little,,1883,17,furniture/equipment,good
2354414,28,male,2,free,little,moderate,8897,34,furniture/equipment,good
6609986,19,male,1,own,,,2855,17,business,bad
10081825,34,female,2,rent,moderate,moderate,374,67,furniture/equipment,good
3125526,34,male,2,own,moderate,moderate,18424,14,car,good
11880938,24,male,3,rent,little,,3047,14,radio/TV,good
8449485,32,female,1,free,rich,,5166,20,business,good
2422582,34,female,2,free,,moderate,5131,20,car,good
11654672,19,male,1,rent,little,moderate,12607,8,car,good
12323406,24,female,2,own,rich,little,1875,31,furniture/equipment,good
1960281,39,male,0,own,little,,3130,18,radio/TV,good
15360430,19,female,3,free,little,,3947,19,car,good
8652467,25,male,2,own,little,,8326,11,car,good
14309698,30,male,2,own,,rich,10443,39,radio/TV,bad
11225165,19,male,3,own,little,moderate,1040,47,radio/TV,good
6486390,28,male,2,own,rich,,1233,46,car,bad
4580997,21,male,3,rent,,moderate,1149,15,car,good
8735179,34,male,0,own,little,,4592,22,radio/TV,bad
13793512,19,male,0,own,little,,1426,12,car,bad
11445405,19,female,3,own,little,little,12218,53,education,bad
1971009,19,male,2,rent,little,,4311,20,radio/TV,good
14337421,25,male,2,own,little,moderate,2844,17,furniture/equipment,bad
5579358,20,male,0,own,little,moderate,3043,27,business,good
15051224,27,male,2,own,little,moderate,2867,23,car,good
15020900,19,male,2,own,rich,,8783,20,furniture/equipment,good
16561430,36,female,2,free,moderate,little,8309,72,repairs,good
6717217,26,male,2,rent,little,,2223,19,radio/TV,good
16738818,34,male,3,free,little,,2871,13,car,good
2223909,22,male,2,own,,,9235,21,car,good
14637240,19,male,2,own,quite rich,little,6130,21,furniture/equipment,good
15386630,19,male,2,own,little,,4666,66,furniture/equipment,good
8292816,25,female,0,own,little,,2357,9,radio/TV,bad
6017517,21,male,3,own,little,little,4156,32,car,bad
5612004,20,male,2,own,moderate,,2549,15,car,good
9806471,22,male,2,rent,little,rich,1074,20,furniture/equipment,good
1183831,25,female,1,rent,little,,643,20,furniture/equipment,bad
9308694,29,male,2,own,little,little,4328,15,radio/TV,bad
2053206,36,female,2,own,little,,2228,21,radio/TV,bad
1677386,19,female,1,own,quite rich,moderate,2916,11,business,good
9034014,19,female,1,rent,moderate,moderate,5164,18,domestic appliances,good
9594655,42,male,3,own,little,moderate,5605,8,education,bad
350145,19,male,3,rent,little,little,7531,44,domestic appliances,good
3668683,26,male,2,rent,little,,18424,22,business,good
16198594,20,female,2,own,,,3152,47,furniture/equipment,good
3003367,24,male,2,own,little,,8276,27,radio/TV,bad
7472954,33,female,2,own,little,,15450,14,radio/TV,good
6197476,29,male,2,free,rich,little,18424,51,car,good
1418771,29,male,2,rent,,little,5098,26,vacation/others,bad
11891749,21,female,2,own,little,moderate,882,44,car,good
6852649,22,female,3,rent,little,,970,27,furniture/equipment,good
13489063,19,male,2,own,little,,5606,9,car,bad
3060086,32,female,2,free,,,5955,10,car,good
1233736,27,male,2,free,little,,2102,16,car,bad
5664236,40,female,3,own,little,moderate,5226,34,furniture/equipment,good
1819920,35,male,0,own,,,3494,58,car,good
2847390,19,male,3,rent,little,,1866,7,business,good
6909516,23,male,3,own,little,moderate,16886,18,radio/TV,good
5815698,19,male,2,own,little,,5254,18,radio/TV,bad
5599162,25,female,2,own,little,little,4448,21,radio/TV,good
7322907,27,female,2,own,quite rich,moderate,5724,18,radio/TV,good
770560,26,male,1,free,little,moderate,3527,53,furniture/equipment,bad
11958587,19,female,2,own,little,little,1492,16,radio/TV,good
13504247,20,male,2,free,little,little,6650,41,car,bad
3496883,21,male,2,own,little,,5994,61,radio/TV,bad
5560322,42,male,2,own,little,,2951,22,car,good
12533839,24,male,2,rent,little,little,2480,14,business,bad
10442748,32,male,2,own,little,moderate,15989,17,furniture/equipment,bad
16157506,21,male,2,own,,little,1517,25,education,bad
139061,20,female,2,own,little,little,5363,21,furniture/equipment,good
9558065,34,male,2,free,little,,16658,4,car,bad
3590008,22,male,2,own,little,little,4834,16,radio/TV,good
7872523,19,male,1,rent,moderate,,2456,21,car,bad
13464665,19,male,1,own,quite rich,,2460,18,car,good
12634001,19,male,2,rent,little,little,1562,16,radio/TV,bad
1757909,23,male,2,free,little,little,2303,15,furniture/equipment,good
122430,21,male,1,own,rich,little,11463,12,car,bad
15490681,27,male,2,own,little,rich,18424,25,furniture/equipment,good
3492179,23,male,2,own,little,little,2164,27,furniture/equipment,good
15389156,28,female,2,rent,moderate,moderate,16646,43,repairs,good
13337255,22,female,2,own,little,,2120,27,furniture/equipment,good
11507872,32,male,2,own,quite rich,little,4935,22,car,good
8505023,28,male,2,own,,moderate,2779,18,radio/TV,good
5897251,25,male,2,rent,,little,5186,17,furniture/equipment,good
7682446,20,male,1,own,little,little,5617,16,business,bad
4054082,20,male,1,rent,little,little,10074,20,radio/TV,bad
1949705,44,male,2,own,little,moderate,9887,21,furniture/equipment,bad
1486563,43,male,1,own,little,moderate,12506,14,furniture/equipment,good
13218399,24,female,1,free,little,moderate,12188,16,radio/TV,good
5455547,22,female,0,rent,little,moderate,5581,19,car,bad
15658705,20,male,3,own,little,,1036,23,car,bad
2805449,19,female,2,own,little,rich,10393,17,radio/TV,bad
14489463,19,male,2,own,little,moderate,6730,19,education,bad
10795701,44,male,2,own,,little,10522,32,car,good
847483,19,male,2,own,little,rich,9039,15,car,good
9356629,32,male,0,own,little,little,3266,20,car,good
12890417,30,female,2,free,little,,3761,18,car,good
8775690,20,male,2,own,,,15384,13,radio/TV,good
2008702,19,male,0,free,moderate,moderate,3151,21,car,bad
15119551,19,female,3,free,little,,7581,9,furniture/equipment,good
7466951,21,male,2,free,little,little,18424,12,radio/TV,good
9112162,19,male,2,free,moderate,,1569,15,radio/TV,good
6634100,24,female,2,own,little,moderate,9171,18,furniture/equipment,bad
15154450,23,male,0,own,little,little,12683,25,furniture/equipment,good
15009430,28,female,2,own,moderate,little,3070,22,car,good
11346295,19,male,2,rent,little,,1715,17,furniture/equipment,bad
6077377,19,male,2,rent,little,,18424,16,furniture/equipment,bad
7609479,24,female,2,own,moderate,little,6213,11,car,good
12078653,29,male,1,own,moderate,,2794,19,furniture/equipment,good
3556919,19,male,1,own,little,,5589,26,business,good
15930192,34,male,2,own,quite rich,,2898,70,radio/TV,good
15139941,29,male,1,own,moderate,little,1065,13,car,good
16511683,28,male,2,rent,moderate,moderate,10213,35,car,good
14688280,20,male,3,free,little,,5902,5,car,good
16645379,22,female,2,own,moderate,little,5200,22,repairs,good
7442685,22,male,2,own,little,,10678,19,radio/TV,good
13168779,21,male,2,own,little,little,1818,13,car,good
9241300,23,male,3,own,little,moderate,16599,13,radio/TV,good
4736995,19,female,2,own,little,little,8510,23,furniture/equipment,bad
4847316,34,female,2,own,little,,8616,44,radio/TV,bad
7557539,19,male,2,rent,,little,809,10,furniture/equipment,good
12654479,35,female,2,own,little,moderate,9720,16,repairs,good
1853740,19,male,1,free,rich,little,6900,22,car,good
10516970,19,male,2,rent,,,1675,20,radio/TV,good
16374641,24,male,2,own,little,rich,3151,21,furniture/equipment,good
15392069,23,female,3,own,,,2424,22,radio/TV,bad
11431453,19,female,0,free,little,moderate,2516,50,business,good
5806138,32,male,1,free,little,little,10951,15,radio/TV,good
5900109,20,male,0,own,rich,little,8950,22,car,good
13474908,38,female,2,own,little,rich,18424,46,business,good
5395584,23,female,2,own,rich,,18424,13,car,bad
1083803,19,female,2,own,moderate,moderate,4141,21,radio/TV,good
15112018,23,male,2,own,moderate,moderate,2358,46,car,good
4046549,31,male,2,own,little,,13933,12,furniture/equipment,good
6039996,37,male,1,rent,little,little,11444,10,radio/TV,good
11572338,29,female,1,own,moderate,moderate,7058,13,car,good
9082398,34,female,2,own,quite rich,,5011,13,business,bad
14517137,19,female,1,rent,little,,11165,25,car,good
7292808,36,male,2,rent,little,little,4403,40,car,good
3937178,25,male,2,own,little,,18424,5,radio/TV,good
9484172,24,female,2,rent,,little,3044,20,car,good
9790579,25,male,1,own,little,moderate,2645,25,radio/TV,bad
4439551,22,male,3,own,little,little,5618,22,vacation/others,bad
3961357,25,male,2,rent,little,little,6187,25,radio/TV,bad
15167849,22,male,2,own,,,11926,19,furniture/equipment,good
3796439,19,male,2,own,little,moderate,11114,18,car,good
3139194,21,male,2,own,moderate,little,5502,12,radio/TV,good
13769871,39,male,3,own,little,moderate,4459,22,furniture/equipment,good
15547031,19,female,2,own,little,,10672,20,radio/TV,bad
9590087,23,male,3,own,little,little,11953,22,vacation/others,bad
9985199,20,male,2,own,little,moderate,3347,20,business,good
11358475,19,female,2,own,little,,8839,37,furniture/equipment,good
8774010,19,female,1,rent,moderate,moderate,1494,13,radio/TV,good
12313611,30,female,3,free,little,moderate,6247,72,furniture/equipment,bad
5432128,22,male,2,rent,,moderate,10378,39,repairs,good
14725083,24,male,3,own,,little,2372,15,car,good
11884773,19,female,1,own,little,moderate,10987,14,business,good
12864625,23,male,1,own,rich,little,7818,67,education,good
3063688,35,male,2,own,quite rich,moderate,6036,27,car,bad
3761935,19,male,0,own,little,moderate,1944,22,car,bad
10684564,21,male,2,rent,little,moderate,2297,26,car,good
502248,19,female,2,own,little,little,5310,18,radio/TV,bad
15518002,38,male,1,own,little,,2771,36,furniture/equipment,bad
7109846,26,male,2,free,little,,3257,57,car,bad
6244259,31,male,2,own,little,rich,2860,19,furniture/equipment,good
9952619,37,male,1,own,little,little,2776,24,radio/TV,bad
3519773,47,female,2,own,little,moderate,691,14,repairs,good
11441737,30,male,3,own,moderate,,3565,19,car,bad
12523983,19,female,1,own,quite rich,moderate,3436,42,radio/TV,good
6622938,19,male,1,own,little,,4225,13,education,good
8100297,22,male,2,own,little,little,2116,13,business,good
642878,22,male,2,own,little,little,5926,25,car,good
10204805,19,female,3,own,little,little,2678,17,education,bad
307331,20,male,1,own,,,14097,17,repairs,good
6446790,26,female,2,own,little,little,2154,11,furniture/equipment,good
13438824,19,male,3,own,moderate,little,16403,17,furniture/equipment,good
2586694,32,male,2,rent,,moderate,1314,27,business,good
4822161,21,female,2,own,little,moderate,12421,12,car,good
7625021,20,female,2,own,moderate,little,2254,11,car,good
5694413,23,male,2,own,quite rich,,5039,16,business,good
11089931,20,female,3,own,,moderate,1155,52,furniture/equipment,bad
15885375,41,male,3,own,little,,10781,53,furniture/equipment,good
117089,25,male,2,own,little,moderate,4066,21,car,good
2510403,38,male,1,own,little,,9776,13,business,good
1818973,34,male,2,own,quite rich,moderate,2136,15,radio/TV,bad
2243639,21,male,2,own,little,moderate,3008,16,furniture/equipment,bad
11196593,21,male,0,rent,little,little,1877,26,car,bad
4019898,40,female,2,rent,little,rich,3511,11,car,bad
12638704,21,male,2,own,moderate,little,3268,10,furniture/equipment,good
3006519,28,male,1,own,little,,12248,16,radio/TV,good
12660021,19,male,3,rent,,,4168,15,car,good
12705530,26,male,2,rent,little,little,3379,27,vacation/others,good
15740148,20,male,1,own,little,little,1851,18,education,good
2357232,19,male,3,own,little,little,3636,47,furniture/equipment,good
12756503,36,female,2,rent,little,,5157,21,business,bad
11814857,56,male,2,own,moderate,moderate,8251,20,car,bad
16312265,26,male,2,own,moderate,,2246,43,car,good
13473747,28,male,2,rent,moderate,,16100,44,furniture/equipment,good
11214696,19,male,2,free,little,,3546,11,business,good
5134399,26,female,1,rent,little,moderate,14714,15,radio/TV,good
1862293,24,female,2,own,little,little,11065,21,vacation/others,good
16773152,23,female,2,own,quite rich,little,14657,6,car,good
2372318,21,male,2,own,little,,14612,22,radio/TV,bad
3204748,19,female,2,own,little,little,9506,17,car,good
11473825,19,female,0,own,little,rich,2146,47,car,good
4122469,19,male,1,own,,moderate,3136,34,education,good
10344294,25,male,1,own,little,,6071,16,radio/TV,good
3464690,27,male,1,rent,little,,9836,22,education,good
4350312,29,male,2,free,,moderate,2584,21,business,bad
12762252,31,male,3,own,little,,2390,31,radio/TV,good
14531432,21,male,2,rent,,,12563,26,furniture/equipment,bad
1399315,22,male,1,rent,rich,,2347,72,education,bad
10186359,19,female,3,rent,little,,3676,11,vacation/others,good
7969650,23,male,2,own,quite rich,little,12428,25,car,good
5179458,38,male,1,own,little,little,3833,14,radio/TV,good
6396653,23,male,2,free,little,moderate,3751,17,radio/TV,good
5999962,38,female,3,own,,little,14727,15,furniture/equipment,bad
1426047,19,male,2,own,little,moderate,1753,17,education,good
1142406,19,male,2,own,,moderate,16996,17,furniture/equipment,good
16159779,19,male,2,free,little,little,10071,22,radio/TV,good
10116766,19,male,2,free,,moderate,10417,21,education,good
15881962,36,female,3,rent,,moderate,790,11,furniture/equipment,bad
5095421,37,female,3,rent,little,moderate,1322,16,radio/TV,good
6016447,19,male,2,rent,,moderate,3350,48,car,good
5844225,36,male,2,free,,moderate,2913,11,car,good
822655,21,male,2,own,rich,little,7331,44,business,good
16681556,30,male,3,own,,,3572,17,car,good
11184878,20,female,2,own,little,moderate,4413,13,furniture/equipment,good
16185419,19,male,2,rent,little,,16685,25,car,good
6364703,22,male,1,free,little,,7982,17,furniture/equipment,good
12753553,28,male,2,free,little,moderate,3224,16,car,bad
4331438,25,male,3,own,little,,3029,39,radio/TV,good
498924,26,female,1,own,little,,5761,46,car,good
11185337,19,male,2,own,little,rich,2607,20,radio/TV,good
15395380,22,male,2,own,little,moderate,12772,11,car,good
12532296,19,male,2,own,,moderate,2658,11,radio/TV,good
12535084,27,male,3,free,little,,18424,17,furniture/equipment,good
4123471,19,female,1,rent,quite rich,little,2294,14,furniture/equipment,bad
7141961,19,male,2,own,little,rich,9175,7,furniture/equipment,good
7417510,32,male,2,own,,moderate,2383,9,repairs,good
12214377,25,female,2,own,little,moderate,14286,17,car,bad
7781138,23,male,3,own,little,moderate,11915,20,car,bad
16636147,20,male,2,own,,,1199,58,radio/TV,good
10344670,21,female,2,own,little,little,1612,21,car,good
5698659,20,male,2,rent,quite rich,moderate,1474,18,furniture/equipment,good
16593050,24,female,2,rent,little,little,5224,9,repairs,bad
10723572,25,male,2,rent,little,,4820,19,car,bad
15104120,20,male,2,free,little,,4271,16,car,bad
10954401,37,male,2,own,,,11451,44,car,good
7775099,23,male,2,rent,,little,14336,27,business,good
14175420,19,female,2,own,little,rich,2372,25,car,good
4663569,25,female,1,own,little,moderate,5981,72,car,bad
16551697,19,male,2,own,little,,1503,7,furniture/equipment,good
10418233,29,male,2,own,little,moderate,2303,19,radio/TV,good
14356072,23,male,2,own,quite rich,little,4187,11,car,good
13071063,26,male,3,own,little,,10409,31,car,good
15223941,23,male,3,own,little,little,2126,15,car,bad
10535853,25,male,3,own,rich,,3036,18,radio/TV,good
4569666,19,female,0,own,moderate,,6309,16,furniture/equipment,good
7468713,22,male,2,own,little,,10027,21,business,good
10857545,20,male,2,own,little,moderate,5535,18,furniture/equipment,bad
4634642,38,male,1,own,moderate,,2721,20,education,bad
16578830,19,male,2,own,,moderate,4681,15,radio/TV,good
1036532,20,male,1,own,little,little,3151,36,furniture/equipment,good
12950285,19,female,2,rent,little,,14930,20,furniture/equipment,good
16348667,24,female,2,own,,moderate,2346,13,furniture/equipment,bad
9420527,25,male,3,own,moderate,,4440,31,radio/TV,good
13068043,24,male,2,own,little,,10309,20,education,good
16646454,23,female,3,own,quite rich,,901,61,car,good
1074902,19,male,1,rent,,,2805,13,education,good
8577066,22,male,0,rent,little,little,1694,16,business,good
10001429,25,male,2,own,little,little,2549,18,business,good
1801318,31,male,2,own,quite rich,rich,2203,12,furniture/equipment,good
1269175,32,male,2,own,,,2571,8,furniture/equipment,good
823597,19,male,3,rent,moderate,moderate,2819,12,radio/TV,good
270267,19,male,2,rent,rich,moderate,3047,12,business,good
2601055,19,male,3,own,quite rich,moderate,2884,10,education,bad
5098906,19,male,2,rent,little,,1481,16,radio/TV,good
7315362,26,female,3,rent,little,,18424,21,vacation/others,bad
9826206,26,male,1,own,,,3345,7,furniture/equipment,bad
1984151,28,male,2,own,little,moderate,2586,19,car,good
13438212,19,female,2,rent,little,moderate,12166,15,furniture/equipment,bad
1731017,20,male,2,own,little,little,4448,13,car,bad
6778261,24,female,1,own,,moderate,5936,19,car,bad
5618243,19,male,1,own,little,little,17184,49,education,bad
4257680,19,male,2,own,,,1434,13,business,good
3184679,19,female,3,rent,little,moderate,3979,23,car,good
262513,24,male,3,own,quite rich,,3097,54,radio/TV,good
8337916,29,male,2,own,little,little,1497,20,car,good
8366744,27,male,2,own,little,moderate,4884,11,furniture/equipment,bad
3052537,19,male,2,own,rich,little,6192,15,radio/TV,good
261167,28,male,1,rent,little,rich,2218,56,radio/TV,good
16133448,24,male,2,own,little,little,3248,72,education,good
4777759,19,male,2,free,,,3008,17,furniture/equipment,good
15488602,19,male,1,own,little,rich,4516,18,furniture/equipment,good
9333480,25,male,2,rent,little,,3152,59,radio/TV,good
497547,19,male,2,free,little,,1507,23,radio/TV,good
10562895,23,female,3,rent,moderate,moderate,9595,21,furniture/equipment,good
13454944,19,male,0,rent,quite rich,moderate,4767,25,radio/TV,good
3800726,22,male,2,own,little,,3181,18,furniture/equipment,good
16289862,26,female,2,own,moderate,little,1764,20,radio/TV,good
14554354,19,male,1,rent,little,moderate,5739,22,vacation/others,bad
8476343,59,male,2,own,moderate,,12641,12,radio/TV,good
11877975,43,male,2,own,quite rich,rich,2317,19,business,good
988388,29,male,2,own,little,moderate,14976,22,radio/TV,bad
16750433,22,female,2,own,quite rich,moderate,6864,13,car,bad
10510874,24,female,3,own,moderate,little,17631,57,furniture/equipment,bad
754532,20,male,2,own,,little,5830,19,car,bad
4124800,21,male,3,own,little,,2301,19,education,good
15564556,22,female,2,own,quite rich,little,3481,19,radio/TV,bad
5890291,24,male,2,own,little,,17241,26,business,bad
14470260,20,male,2,own,little,moderate,18424,14,business,good
927629,29,male,2,own,little,little,18424,21,furniture/equipment,bad
14174836,23,male,2,own,little,little,2085,21,furniture/equipment,bad
9772673,44,male,3,own,little,,1724,11,furniture/equipment,bad
5542747,21,male,1,own,,moderate,6980,14,vacation/others,good
4292013,23,male,2,own,rich,,15680,7,car,good
13811311,24,female,1,own,little,,3024,18,repairs,bad
2748542,31,male,3,free,,moderate,7297,17,vacation/others,good
1088746,42,male,2,own,little,moderate,5839,17,radio/TV,good
3514677,33,female,2,rent,little,little,2176,5,car,good
7750815,19,female,3,own,little,,250,43,repairs,bad
9023212,19,male,2,own,,moderate,2897,48,radio/TV,good
9072499,28,male,3,own,,,3250,20,radio/TV,bad
9047485,33,female,2,own,little,,8826,16,business,good
11258442,26,female,1,rent,moderate,moderate,10017,15,furniture/equipment,bad
14889088,32,male,2,own,little,little,7020,12,furniture/equipment,good
13019535,25,male,2,own,little,moderate,12882,24,car,good
3219251,27,female,2,own,,,11734,40,car,good
284530,19,female,1,free,little,moderate,2915,44,car,good
11236197,35,male,2,own,little,little,5081,9,furniture/equipment,good
6906373,20,male,2,own,little,rich,1312,28,car,bad
11801551,19,male,3,own,little,,4243,19,car,good
13196292,24,male,3,free,moderate,,2115,22,radio/TV,bad
15858473,22,male,1,own,,little,1840,72,radio/TV,good
3768041,19,female,2,rent,little,,9995,19,furniture/equipment,good
14693408,36,female,3,own,quite rich,little,2067,9,car,good
4941632,22,male,2,rent,rich,moderate,2728,21,radio/TV,good
14920509,35,female,2,own,little,,11905,12,furniture/equipment,bad
9884756,26,male,2,own,little,,2664,35,furniture/equipment,bad
15230279,19,male,2,free,,rich,1237,7,radio/TV,bad
1461846,26,male,3,free,little,little,11919,21,repairs,good
9927519,27,male,1,own,quite rich,moderate,1650,7,furniture/equipment,good
1027991,19,female,3,own,,,8854,13,business,bad
12879508,19,female,2,rent,little,,5152,10,furniture/equipment,bad
5968932,24,male,2,own,little,moderate,2631,23,furniture/equipment,bad
13199337,29,male,1,own,little,moderate,7598,11,radio/TV,good
2588970,19,male,2,own,little,little,3645,47,car,good
7815999,30,female,2,own,rich,,11078,17,education,good
3176702,20,male,0,own,little,moderate,4166,13,education,good
8963994,27,male,1,rent,,,1308,21,car,bad
16471167,37,male,2,own,moderate,moderate,1546,23,education,bad
10702547,28,female,2,free,,moderate,5500,18,car,bad
12846423,21,female,1,own,little,moderate,2696,48,car,bad
14003638,22,male,2,own,little,moderate,2210,12,radio/TV,good
10019404,23,male,3,own,little,,5104,14,car,bad
4499356,33,female,3,free,moderate,,3211,20,car,bad
13548785,19,male,2,free,little,rich,2390,26,radio/TV,good
325710,29,female,0,own,little,,3823,39,furniture/equipment,bad
11559189,19,male,1,own,little,little,2209,39,radio/TV,good
4693628,51,female,2,own,,little,5141,18,car,good
15657425,28,female,2,own,little,,18424,9,radio/TV,good
12207849,19,female,1,own,moderate,,3529,24,business,good
11665287,34,male,2,own,little,,5141,14,furniture/equipment,bad
7640320,27,female,2,own,little,rich,4718,8,furniture/equipment,good
16063283,19,male,2,own,little,moderate,2790,16,business,good
1010500,27,male,1,own,quite rich,little,11249,15,car,good
3477976,20,male,2,own,little,little,3404,20,car,good
5670608,20,male,0,free,little,,4469,20,radio/TV,bad
2529251,27,male,2,rent,,little,4945,17,car,good
10337451,21,female,3,free,little,,5984,22,furniture/equipment,good
6898076,20,female,2,own,little,moderate,1638,59,education,good
7245606,28,male,2,rent,little,little,10097,43,car,good
14101069,19,female,2,free,quite rich,,10540,47,radio/TV,good
5988710,19,male,2,own,moderate,little,10461,22,radio/TV,good
6805885,31,female,2,own,little,little,11157,26,business,good
15552977,19,male,2,own,little,moderate,4066,21,car,good
15967698,24,male,2,own,little,moderate,2251,19,radio/TV,good
5852789,21,female,2,rent,little,,4390,20,furniture/equipment,good
2895320,19,male,2,own,,little,4166,18,furniture/equipment,good
13904103,19,female,2,own,,little,3270,25,car,bad
3260121,20,male,2,rent,,rich,10246,18,business,bad
14977429,41,male,2,own,little,,10431,15,radio/TV,bad
11522632,20,female,1,rent,quite rich,,2110,72,furniture/equipment,good
1903811,22,male,2,rent,quite rich,little,4494,46,furniture/equipment,bad
4421419,19,male,2,own,little,moderate,5513,23,furniture/equipment,bad
8445650,19,female,2,own,,little,1940,71,furniture/equipment,good
841271,27,male,2,own,,moderate,2945,13,education,good
3456703,19,male,2,rent,,moderate,5927,16,radio/TV,good
7762038,30,male,0,own,moderate,little,11259,4,domestic appliances,good
9457700,19,male,2,rent,little,moderate,2204,23,car,good
7919920,21,female,2,rent,moderate,little,7783,19,car,good
15468067,24,female,0,own,,little,1422,17,business,good
4652767,19,male,1,rent,rich,little,1707,37,radio/TV,good
1368944,26,female,3,own,little,,18424,14,education,good
10469245,20,male,1,own,,little,673,18,furniture/equipment,bad
1461076,20,female,3,own,little,rich,5028,14,radio/TV,good
13959265,19,male,1,own,little,little,9541,20,radio/TV,bad
2320623,22,male,2,own,,little,6080,16,radio/TV,bad
4916170,19,male,3,own,little,moderate,2771,8,business,good
9431772,19,male,1,own,little,little,7569,10,car,good
16642279,59,female,0,free,little,,11134,20,radio/TV,good
15148636,19,male,1,free,little,little,5313,21,radio/TV,good
15266600,26,female,2,own,little,,2754,46,car,good
12667726,45,male,1,own,little,,11779,33,radio/TV,good
6740849,30,female,2,own,,,2484,42,furniture/equipment,good
3419998,20,male,1,free,little,little,3378,27,business,bad
9855904,60,female,2,free,,,5393,26,radio/TV,good
12699950,40,male,1,own,little,,2861,6,car,good
9461108,25,female,1,free,little,moderate,12363,12,radio/TV,good
5100816,23,male,2,own,little,rich,1493,22,car,bad
11531787,23,male,2,own,little,little,1497,21,furniture/equipment,bad
9961217,19,male,1,own,moderate,little,913,19,furniture/equipment,good
1161844,19,female,3,own,moderate,little,7126,17,car,good
8612523,27,female,2,rent,quite rich,moderate,4221,8,car,good
16562100,19,female,2,own,little,little,2214,22,car,good
1149943,31,male,2,rent,little,little,2017,14,car,good
10313616,27,male,2,own,little,moderate,18424,11,car,good
2250441,28,male,2,rent,moderate,,2515,45,furniture/equipment,good
7790681,25,male,2,own,little,little,1497,72,furniture/equipment,good
5061721,19,male,3,rent,little,,14320,4,furniture/equipment,bad
16395742,27,male,2,own,,moderate,15730,40,radio/TV,bad
1281877,23,female,2,own,little,,4667,17,car,bad
5552777,41,male,3,own,,,2874,19,domestic appliances,good
4440797,19,male,2,own,,rich,15494,13,car,bad
4134675,19,male,1,rent,moderate,,4203,21,business,bad
6698631,19,male,2,own,,moderate,18424,14,car,good
10787030,20,female,2,free,quite rich,rich,1533,23,furniture/equipment,bad
4230149,24,male,2,free,little,little,2810,16,furniture/equipment,bad
15881652,24,male,3,own,little,,14511,25,vacation/others,good
14498872,28,male,1,free,,,3629,15,business,good
11646363,28,male,2,own,little,moderate,2169,27,radio/TV,good
11966709,31,female,2,own,,,6977,11,vacation/others,good
8477980,20,male,1,own,little,little,14595,24,car,good
15476711,19,female,1,own,little,little,1083,18,vacation/others,good
12843882,27,male,1,free,,,18424,57,radio/TV,bad
12534943,35,male,1,own,little,little,8512,21,radio/TV,good
15863117,19,male,1,own,little,moderate,18424,22,education,bad
13200261,21,female,2,rent,little,,4177,21,car,good
4343948,40,male,2,own,little,,4257,14,car,good
12847091,25,male,1,rent,little,,9335,26,radio/TV,good
9254211,29,female,3,own,moderate,,9007,18,furniture/equipment,good
3437475,19,male,3,rent,little,little,2868,22,furniture/equipment,bad
1749151,19,male,3,rent,little,little,3556,18,furniture/equipment,good
10403510,19,male,3,free,,,2981,12,car,good
14704006,28,male,2,own,rich,moderate,15728,37,business,good
3515768,58,female,1,rent,little,moderate,7759,49,car,bad
1838458,19,male,0,own,little,,3114,32,car,good
13091289,25,female,0,own,little,,1384,18,radio/TV,bad
908859,19,male,1,rent,little,rich,3916,23,radio/TV,good
7083112,31,female,1,free,little,,4743,11,business,good
8480817,31,male,2,rent,little,moderate,12017,19,education,bad
10824868,43,male,1,own,little,,10543,72,business,bad
2835986,31,female,2,own,little,,2502,21,business,good
11271422,37,male,2,own,little,,746,11,furniture/equipment,good
10525501,58,male,3,free,little,,6872,4,car,good
15020491,23,female,2,own,little,,3581,26,furniture/equipment,bad
11658744,20,female,1,own,little,,10598,22,furniture/equipment,bad
15975968,23,male,3,rent,quite rich,,3265,21,car,good
8172820,22,male,2,free,quite rich,,8172,25,business,good
13461922,19,male,2,free,little,little,615,15,furniture/equipment,good
2429957,19,male,2,own,rich,little,3078,19,radio/TV,good
10647128,32,male,0,own,,rich,1294,20,car,bad
2456719,27,male,1,rent,,little,2488,33,radio/TV,good
12877051,23,female,1,own,little,moderate,1519,45,radio/TV,good
5060023,27,female,1,own,little,little,2152,14,furniture/equipment,good
16529449,26,female,2,rent,moderate,little,1472,20,radio/TV,good
1537947,19,male,2,own,little,little,5965,24,car,good
9469698,19,female,2,own,little,moderate,12749,16,car,good
16235611,19,male,2,own,,little,8305,26,car,good
11653331,23,male,3,rent,moderate,moderate,10323,10,furniture/equipment,good
2362395,21,female,2,own,little,rich,12328,13,radio/TV,bad
8565028,21,male,2,own,quite rich,,1609,43,car,good
5019758,25,male,2,rent,little,,2564,5,car,good
13513517,22,male,1,own,quite rich,moderate,13756,23,repairs,bad
12609046,20,female,2,rent,rich,,10799,14,business,good
15971802,21,male,3,own,,little,11392,11,furniture/equipment,good
8414973,19,male,1,own,,rich,6449,25,business,good
329481,36,male,2,rent,little,little,7087,13,radio/TV,good
3014016,28,male,2,own,little,,2467,16,radio/TV,bad
6741362,19,male,2,own,,little,11561,21,furniture/equipment,good
1595555,31,female,2,own,little,little,12144,12,car,good
13541012,19,female,2,own,little,moderate,4833,17,car,bad
1239448,19,male,1,rent,quite rich,,1869,45,car,good
13696574,24,male,1,free,little,,3073,66,car,good
4767120,19,male,2,free,little,rich,1689,12,radio/TV,good
6233991,29,male,2,own,moderate,,3518,65,radio/TV,good
12955287,36,male,3,own,little,little,10986,20,car,good
3846725,30,male,1,own,little,little,6059,16,radio/TV,good
11136109,19,female,1,own,little,,5156,26,radio/TV,good
4041099,23,female,3,free,little,,8595,45,radio/TV,good
8610482,19,male,2,own,little,little,824,23,car,good
11588572,33,male,2,free,little,rich,1233,20,education,good
11642417,21,female,2,own,rich,moderate,11325,27,education,good
11079326,22,female,2,free,little,rich,5994,13,business,good
6595300,19,male,2,own,moderate,moderate,5582,12,radio/TV,good
14793057,21,male,1,own,little,,1751,46,radio/TV,good
12930086,19,male,3,own,,little,5320,15,car,good
1508080,23,male,1,own,little,little,17781,23,radio/TV,good
15293719,19,male,2,own,,little,6077,11,radio/TV,good
5289946,22,female,2,own,little,,3055,9,repairs,bad
2122490,23,female,3,own,little,moderate,3091,11,car,good
8706271,31,male,1,own,,,13794,36,car,good
12319969,19,male,3,rent,,little,12233,22,radio/TV,good
10577318,20,female,3,own,little,,3346,19,car,good
4127842,20,male,1,rent,,rich,370,6,radio/TV,good
9782775,19,female,3,rent,moderate,moderate,5780,18,car,good
12503683,24,female,2,own,quite rich,moderate,18424,13,car,bad
520513,34,male,3,rent,quite rich,,7053,23,car,bad
7640044,28,male,1,free,little,little,2118,12,car,good
11282690,52,male,3,own,,,8251,11,domestic appliances,good
5908881,20,female,2,own,moderate,moderate,4310,72,business,good
7597835,28,male,2,rent,,,3203,26,car,good
11537192,31,female,2,own,moderate,,3387,10,furniture/equipment,good
14704657,38,male,2,own,little,,5642,18,car,good
9671919,44,female,0,free,,moderate,6053,20,car,good
6528383,23,female,2,free,,little,8162,19,furniture/equipment,bad
16476651,24,male,2,rent,little,moderate,3242,46,education,good
9230908,23,female,2,own,,little,3072,29,car,good
1517944,19,male,2,rent,quite rich,,2739,68,radio/TV,good
1264048,19,male,2,own,little,moderate,7497,59,car,good
1276957,23,female,2,own,rich,,4014,37,furniture/equipment,bad
10157151,19,male,3,free,little,,5231,20,radio/TV,good
12833640,28,male,3,own,,,1819,26,furniture/equipment,bad
14212685,20,male,2,own,little,little,16227,72,repairs,good
1353904,25,male,2,own,little,,7183,42,business,bad
9801099,26,male,2,own,,little,8779,11,furniture/equipment,good
16346199,19,male,2,own,little,,6266,21,furniture/equipment,good
9567969,22,female,2,own,rich,little,1296,43,radio/TV,good
12761113,31,female,3,own,,,4740,20,radio/TV,bad
15774261,19,male,2,own,little,rich,14121,22,radio/TV,good
13328597,34,male,2,own,little,moderate,5744,26,radio/TV,good
8773784,24,male,1,own,little,little,7952,13,business,good
11233823,19,male,3,own,quite rich,moderate,4681,26,radio/TV,good
12773041,29,male,1,own,moderate,,5242,19,business,bad
2116114,33,male,3,own,little,moderate,2977,21,furniture/equipment,bad
12846358,25,male,1,rent,moderate,little,4137,72,furniture/equipment,good
6929736,19,male,3,free,,little,18424,22,car,good
521710,27,male,2,own,little,,2744,15,radio/TV,good
11324619,26,female,2,own,little,,6288,26,radio/TV,bad
9802341,26,male,2,own,little,,2964,19,business,bad
8432677,27,male,2,own,little,,18424,21,radio/TV,good
11527667,21,male,1,rent,,,1207,33,car,good
9656465,19,male,2,own,little,,2626,18,radio/TV,bad
10590040,26,male,2,free,,little,6982,65,car,good
6657844,39,male,2,own,little,moderate,18424,15,car,good
14444148,25,male,2,rent,,,13622,25,radio/TV,good
13902411,35,male,2,own,moderate,moderate,6186,16,radio/TV,bad
13094651,19,female,2,own,little,little,2950,17,business,bad
16481845,19,female,2,own,rich,little,4319,39,furniture/equipment,good
587249,20,female,2,own,little,,16753,44,business,bad
4434944,19,male,3,own,,moderate,5150,21,radio/TV,good
9794675,20,female,2,own,little,,2895,22,car,bad
16661306,37,male,2,own,little,,979,11,car,bad
1463368,24,male,2,own,rich,,9297,54,car,good
11412006,20,female,2,own,moderate,little,5712,18,business,good
2512581,26,female,2,own,,rich,7607,16,radio/TV,good
11078439,27,female,2,free,,,2239,34,car,good
2433945,19,male,1,own,little,moderate,2041,4,car,good
13556008,25,male,1,rent,,,18424,19,furniture/equipment,bad
8470241,19,male,2,own,,,2769,19,business,good
2196639,19,male,1,free,little,moderate,5105,33,car,good
11980767,42,male,3,own,,moderate,18424,24,radio/TV,bad
2637182,49,male,2,own,little,,3369,26,business,bad
6537851,20,female,2,own,moderate,moderate,12927,22,radio/TV,bad
5368892,19,male,3,own,,little,1176,10,car,good
15975343,33,female,3,rent,little,moderate,1340,15,car,good
11044649,20,male,2,rent,little,little,18424,19,car,good
5160570,19,female,2,own,little,,7983,25,car,good
10697399,24,male,1,own,little,,4947,14,radio/TV,good
5009105,19,female,2,own,rich,moderate,2080,23,radio/TV,good
10451388,20,female,2,own,little,,5488,28,furniture/equipment,good
15740836,19,female,1,rent,,,2854,18,car,bad
12295296,19,male,2,free,little,,6853,21,radio/TV,bad
7649382,19,female,2,own,moderate,,11246,16,car,bad
6364029,42,male,2,own,little,little,3168,21,car,good
2804162,19,female,1,own,rich,little,3084,41,radio/TV,good
1041443,21,male,2,own,little,moderate,3097,43,car,good
11712983,22,male,3,own,quite rich,,2717,16,car,good
11355335,45,female,2,own,moderate,little,3686,36,car,good
13760060,19,male,3,rent,rich,moderate,1261,22,business,good
8224720,19,male,2,free,little,,17355,20,furniture/equipment,good
7215381,38,female,1,own,little,little,11795,16,furniture/equipment,bad
16666055,23,male,2,own,,,6413,19,vacation/others,good
1644021,19,male,2,own,little,moderate,18141,17,furniture/equipment,bad
855451,19,male,3,own,little,,17728,40,radio/TV,good
12690889,19,male,3,free,little,,16461,12,vacation/others,good
2525113,19,male,1,own,little,moderate,9765,13,car,bad
15675136,19,female,2,rent,little,little,3214,8,car,good
6503937,19,male,3,own,little,,9442,15,radio/TV,good
12071562,39,male,3,own,little,little,868,4,furniture/equipment,good
4980414,32,male,1,free,little,little,5693,26,furniture/equipment,good
14079707,24,male,3,own,little,moderate,5188,72,business,good
318900,20,male,1,own,little,little,2979,12,car,good
5623265,24,male,1,own,,moderate,10050,50,car,bad
1465272,31,female,2,own,,,5018,28,car,good
11378325,19,male,0,rent,little,moderate,13512,15,car,bad
15864046,20,female,2,own,little,little,3061,20,furniture/equipment,bad
2482738,30,female,2,own,little,,11490,43,car,good
2095110,25,female,2,own,moderate,rich,2783,11,car,bad
3337146,28,female,2,own,moderate,,2404,21,furniture/equipment,bad
997672,35,male,2,rent,little,moderate,2907,14,radio/TV,good
2820074,19,female,3,own,quite rich,,2584,17,business,bad
9210343,25,male,1,own,little,little,18424,13,repairs,bad
11916528,20,male,2,free,moderate,rich,2078,13,radio/TV,good
61320,35,female,0,own,little,,2789,15,car,good
1233580,26,female,2,own,little,moderate,3246,23,furniture/equipment,good
10220873,19,male,1,free,little,moderate,6942,46,car,good
14505233,19,male,2,own,,little,8001,22,furniture/equipment,bad
15814400,55,male,2,own,little,moderate,3322,17,radio/TV,good
6162416,38,female,2,own,,rich,2543,9,furniture/equipment,good
5277141,19,male,2,own,,little,5422,21,radio/TV,good
7822035,27,female,3,own,little,moderate,3142,15,business,bad
15852735,24,male,2,own,little,,2923,26,education,good
8400138,30,male,1,own,,,2815,33,furniture/equipment,bad
10267695,19,male,3,rent,,rich,15590,21,radio/TV,bad
7956082,19,male,2,free,little,little,3932,35,repairs,good
570621,21,male,2,rent,little,moderate,4372,7,business,bad
384729,35,male,2,own,little,little,853,26,education,bad
4284709,23,male,2,rent,,little,845,10,car,bad
12354478,20,female,2,rent,moderate,,6987,20,car,bad
13932413,36,female,3,own,little,,7581,22,furniture/equipment,good
3655656,43,female,1,own,moderate,,18424,9,furniture/equipment,good
15633537,26,female,2,own,little,moderate,14777,23,car,good
12504845,34,male,1,free,little,little,5038,26,radio/TV,good
13630922,20,male,3,own,,little,3149,17,domestic appliances,bad
7101788,20,male,1,own,little,little,2981,19,radio/TV,good
12285016,19,male,2,own,,moderate,10469,16,radio/TV,good
1376246,23,male,2,own,little,moderate,2568,34,radio/TV,bad
8203261,19,male,2,own,moderate,moderate,1873,35,car,good
2576841,25,female,2,own,,little,17610,24,car,good
15619928,19,male,0,own,moderate,little,10818,19,car,good
6861738,25,male,2,own,little,moderate,7642,40,car,good
4838008,30,male,3,own,little,moderate,4395,20,car,bad
7494478,30,female,2,free,little,little,8483,22,car,bad
5447045,28,male,3,own,little,,12310,9,furniture/equipment,bad
1479039,25,male,0,own,little,little,5253,39,car,good
1673126,19,female,2,rent,moderate,,4998,9,radio/TV,good
6988528,19,female,2,own,moderate,little,5329,49,furniture/equipment,good
11578760,19,male,3,own,little,moderate,2717,15,car,good
4661119,39,female,2,own,moderate,little,10936,18,car,bad
6831045,20,male,0,rent,,rich,1631,8,furniture/equipment,good
3191239,19,male,1,own,,moderate,2641,18,business,good
13220264,24,female,2,own,moderate,moderate,2763,18,furniture/equipment,good
7251576,21,male,2,own,little,,11200,21,car,good
6521407,48,male,2,own,little,little,3083,4,car,bad
12598863,19,female,2,free,little,moderate,17215,21,domestic appliances,bad
11675034,19,male,2,own,little,little,10352,8,car,good
13654982,44,female,2,own,little,moderate,1071,16,education,good
6505435,23,female,2,own,little,rich,1389,26,car,good
5636810,23,male,2,rent,little,moderate,7786,13,furniture/equipment,good
9403719,32,male,1,free,little,little,12080,19,radio/TV,bad
6890662,22,male,3,free,rich,moderate,1344,49,business,good
8674011,39,female,2,own,little,,9511,14,radio/TV,bad
4788845,34,female,1,free,rich,,2769,21,car,bad
12264311,21,male,2,own,little,,3955,16,car,good
3133251,20,female,2,own,,little,9335,8,education,good
6457971,20,female,2,own,,little,2961,48,car,good
3828704,23,female,1,own,little,little,12240,21,repairs,bad
11502190,22,male,2,own,,,2735,13,business,good
9308598,22,female,3,own,little,little,2780,47,radio/TV,good
16680597,25,male,0,free,quite rich,,3835,12,repairs,bad
106718,27,male,2,own,,rich,2248,47,car,bad
11658226,19,male,3,own,rich,little,5885,13,business,good
2593331,31,male,2,own,,,5398,19,car,good
1066541,28,male,2,own,,moderate,8590,15,car,good
16712763,30,male,3,rent,moderate,rich,9326,11,car,bad
4720218,39,male,2,own,,moderate,7157,18,education,bad
15753389,19,male,2,own,little,rich,12373,72,radio/TV,good
16392895,26,female,3,own,little,,5173,36,car,good
5306161,21,male,2,rent,,moderate,3203,9,business,bad
12516697,19,male,1,rent,little,rich,1609,17,radio/TV,good
12475403,19,female,1,own,quite rich,moderate,2432,21,radio/TV,bad
14487439,19,male,2,rent,,little,4522,20,radio/TV,good
10153121,26,male,2,free,,moderate,2606,17,furniture/equipment,bad
1326072,32,male,1,own,little,little,1792,4,car,good
8941293,20,female,2,rent,little,moderate,3612,26,radio/TV,bad
233059,19,male,1,rent,quite rich,,10749,13,car,good
10258227,23,female,2,own,little,moderate,8661,13,car,good
15370118,27,female,1,own,little,moderate,15884,43,car,bad
8110863,27,male,3,own,,moderate,7902,55,furniture/equipment,good
6156282,22,male,2,own,,little,2053,20,car,good
12592050,44,male,1,rent,quite rich,,1762,6,car,good
11725562,21,female,1,rent,,little,11498,9,car,good
6470937,23,male,3,rent,quite rich,little,18424,16,radio/TV,good
12531234,29,male,1,own,,,2060,38,furniture/equipment,bad
11968572,20,female,1,own,little,moderate,6765,15,car,bad
7507109,27,male,2,rent,little,little,3517,24,car,good
13708445,24,male,3,own,little,little,3209,43,radio/TV,good
4513773,37,male,2,own,little,,4695,71,repairs,good
6004724,25,male,2,rent,little,little,16941,17,business,good
8582349,19,male,3,rent,,,871,10,vacation/others,good
107404,24,female,3,own,little,little,18424,18,vacation/others,good
1976836,22,male,2,own,little,,11142,24,furniture/equipment,bad
6971041,27,male,0,rent,rich,moderate,5682,18,furniture/equipment,good
2626588,19,male,2,own,little,moderate,9739,50,vacation/others,bad
10336721,35,female,1,own,quite rich,moderate,5922,53,furniture/equipment,good
2819999,25,male,1,own,,,5262,26,car,bad
4577203,28,male,3,own,moderate,,18424,24,furniture/equipment,good
5162701,48,male,1,own,little,little,6066,21,radio/TV,good
13459647,19,female,0,own,little,moderate,2283,21,car,bad
2284676,19,female,2,free,little,little,4347,72,car,good
4760312,25,male,2,own,rich,,2744,17,car,bad
12853073,23,female,2,own,moderate,,8029,24,radio/TV,bad
12324819,34,male,3,own,,moderate,3293,13,radio/TV,bad
8623706,27,female,2,own,little,,11860,17,car,good
63139,21,male,2,own,little,moderate,2487,10,radio/TV,good
8246155,26,female,2,free,little,little,5517,27,domestic appliances,bad
575200,35,male,2,free,,moderate,1332,40,furniture/equipment,bad
7534879,21,male,2,own,rich,,2281,43,radio/TV,good
6594742,29,male,2,free,little,little,3340,14,education,good
14178234,19,male,2,own,little,little,6962,25,furniture/equipment,bad
14486219,20,male,0,own,little,moderate,9335,7,education,good
7234936,19,male,1,own,moderate,rich,1638,25,radio/TV,good
14865959,43,male,2,own,quite rich,little,3500,66,business,good
2416096,21,male,2,own,,,11746,22,car,good
9470577,19,female,2,own,little,,9021,21,radio/TV,good
6849175,21,female,2,own,,moderate,12392,31,radio/TV,good
1826061,20,male,0,own,little,,10029,42,car,good
8775904,19,male,2,own,little,little,3605,17,furniture/equipment,good
5268691,22,male,1,rent,,moderate,4058,63,business,good
1019019,23,female,2,own,quite rich,little,5464,20,furniture/equipment,bad
9438994,19,female,3,own,little,,1651,17,car,good
15259633,21,female,1,rent,quite rich,,7830,13,car,good
11852974,65,male,2,own,,moderate,2862,37,car,bad
13567131,19,female,2,own,little,little,4404,17,education,good
2973455,29,male,2,own,little,,4430,43,education,good
6096812,44,male,3,own,little,,2997,11,business,bad
9703773,24,female,1,own,,little,3145,15,radio/TV,good
12332250,19,female,1,rent,little,moderate,5936,61,radio/TV,good
15716729,29,male,3,free,little,little,10379,18,car,bad
3721593,28,male,2,own,little,little,1629,45,furniture/equipment,good
1279493,31,male,3,own,rich,moderate,5458,16,education,good
8642879,20,male,2,own,little,moderate,2909,46,radio/TV,good
8847190,19,male,2,own,little,,2698,13,radio/TV,good
9253724,24,female,0,own,little,,3342,16,radio/TV,good
11437343,22,male,2,own,moderate,,2402,18,repairs,good
9797589,37,male,0,own,little,rich,7914,23,radio/TV,bad
12344505,19,male,2,rent,little,little,2788,22,radio/TV,good
1139107,19,female,2,rent,little,,7265,55,vacation/others,good
16209683,29,male,2,rent,,little,7612,48,radio/TV,good
6448864,19,male,1,rent,little,little,1793,22,car,bad
15626966,20,male,2,own,quite rich,moderate,3098,25,business,good
882039,34,male,2,free,little,,6081,8,furniture/equipment,good
3788692,35,female,2,own,little,moderate,1447,51,car,bad
9216229,30,male,1,own,,moderate,18424,21,car,bad
1958580,37,female,2,rent,,,2896,20,radio/TV,bad
9250611,19,female,2,own,rich,little,2326,19,furniture/equipment,good
8877048,24,male,2,own,little,,3416,9,car,good
4974382,28,male,2,own,little,,8398,44,radio/TV,good
10546399,28,male,3,own,little,,2133,35,furniture/equipment,bad
1528552,19,male,1,own,little,,9568,19,car,good
16465596,21,male,2,own,little,moderate,18424,30,business,good
5554197,20,male,2,own,little,little,4526,15,radio/TV,good
4235688,21,female,2,own,little,moderate,11381,28,business,good
10465223,22,female,2,own,little,moderate,5355,22,furniture/equipment,good
3328923,20,male,1,own,little,,5276,22,car,good
14230951,22,male,1,rent,little,little,18424,49,business,bad
3119889,26,female,2,free,rich,,5068,24,car,bad
9776322,22,female,1,own,moderate,moderate,5401,17,car,good
5340492,21,female,3,own,little,,1349,28,radio/TV,good
4191701,23,male,2,own,little,little,5412,13,radio/TV,good
10330140,21,male,1,free,moderate,moderate,5170,40,business,good
9815731,19,male,2,own,quite rich,moderate,4637,23,education,bad
16184011,19,male,2,own,little,,9980,21,furniture/equipment,bad
7491553,42,male,2,own,,,18310,8,car,good
5683467,26,male,2,own,,,1821,21,radio/TV,bad
14792605,27,male,2,rent,moderate,little,4994,20,radio/TV,good
9877629,19,male,2,own,little,,10189,31,furniture/equipment,good
6405328,22,male,1,own,rich,moderate,4908,18,furniture/equipment,good
3196777,19,male,2,own,little,moderate,1217,23,radio/TV,good
11594655,29,female,2,own,little,little,7427,21,business,bad
5264354,25,male,1,own,little,moderate,1838,19,car,bad
8693262,30,male,2,own,little,,4419,11,radio/TV,good
7867640,21,male,1,rent,,moderate,3590,14,car,bad
1791143,20,male,1,rent,moderate,,3621,10,repairs,bad
12211415,25,male,3,own,moderate,little,6366,7,car,good
4377253,25,male,1,own,little,little,10663,18,radio/TV,good
7060774,19,male,3,rent,little,moderate,250,17,car,good
12770692,25,male,2,own,little,,1872,14,furniture/equipment,bad
6091532,26,male,2,own,little,moderate,3322,21,business,bad
15413958,24,female,2,own,moderate,,3087,26,radio/TV,good
13485658,28,male,0,rent,,little,887,17,car,good
12645350,26,female,3,rent,,,4665,61,radio/TV,good
10886246,19,male,2,own,rich,little,3789,36,car,bad
3464899,19,female,2,rent,little,moderate,2554,13,business,good
14680190,19,female,2,free,quite rich,moderate,3036,53,radio/TV,bad
3271892,19,male,3,own,little,little,7870,22,car,good
11446144,21,male,0,own,moderate,little,4181,41,business,bad
6117335,21,male,2,free,,little,2898,43,car,bad
10002655,31,male,2,own,little,little,11749,38,business,good
6281562,24,female,2,own,rich,,3825,30,furniture/equipment,good
6972668,24,male,1,own,quite rich,little,12708,25,education,good
15227960,19,male,2,free,little,little,2575,19,education,good
9464226,32,male,2,own,,,1526,39,car,good
7553094,22,male,3,own,quite rich,moderate,8360,21,radio/TV,good
4853833,28,female,2,own,moderate,little,18424,16,business,good
7316026,31,male,0,own,,little,5519,9,furniture/equipment,bad
11322876,20,male,2,own,little,little,2225,45,car,good
787015,27,female,2,own,little,,11527,20,repairs,bad
2015851,36,male,3,free,,,10435,38,radio/TV,good
14022135,44,male,2,own,little,rich,3331,7,radio/TV,good
4766872,23,male,2,own,little,little,18424,11,radio/TV,good
10138152,19,male,2,own,moderate,moderate,1554,22,car,bad
9751664,31,male,2,rent,rich,little,2478,10,radio/TV,bad
3736391,39,male,2,rent,little,moderate,4454,24,radio/TV,good
10540220,20,male,1,own,little,moderate,18424,25,repairs,bad
15480020,19,male,2,own,little,,6551,31,car,good
8069749,27,male,1,own,moderate,,16216,15,furniture/equipment,good
9779484,20,male,1,own,,moderate,4410,31,education,bad
15677186,30,male,1,own,quite rich,,18424,45,furniture/equipment,good
16007489,21,male,1,rent,little,little,11764,23,furniture/equipment,bad
6421662,25,male,3,rent,little,little,1884,4,car,good
1886401,29,female,0,own,little,rich,8807,16,radio/TV,good
49478,23,male,2,own,little,little,2536,46,radio/TV,good
3477417,51,male,1,own,little,rich,3439,16,furniture/equipment,good
15524662,24,male,2,own,little,moderate,4921,71,business,bad
11602556,23,male,2,own,little,little,2912,13,car,bad
8115601,26,male,3,own,little,,2622,27,car,good
7010686,20,male,2,own,little,,6642,19,radio/TV,good
7906389,24,female,1,own,little,moderate,13828,15,education,good
6168668,29,female,2,own,little,moderate,1079,19,radio/TV,bad
980319,19,female,2,own,little,moderate,9496,14,radio/TV,good
15517534,20,male,2,rent,rich,,2762,14,education,bad
12095925,28,male,1,own,little,little,3907,17,furniture/equipment,good
4133926,20,female,2,free,little,little,7940,23,repairs,good
4412202,25,male,2,own,little,,5754,21,car,good
11203686,19,female,2,own,little,moderate,4923,20,radio/TV,good
4343701,32,male,1,rent,moderate,little,10369,20,radio/TV,good
14410463,28,female,1,rent,little,,4387,23,car,good
10742141,24,male,2,free,,,5957,17,furniture/equipment,bad
9624513,19,female,3,own,moderate,,9357,16,radio/TV,good
1327190,26,female,2,own,,moderate,9553,46,car,good
11261041,31,female,2,free,,little,2171,20,furniture/equipment,good
3807151,29,male,2,rent,moderate,moderate,5557,23,radio/TV,good
